{"base_lr": 3.3456358629509125e-05, "lr": 3.3456358629509125e-05, "data_time": 0.6385453557968139, "loss": 62.703097381591796, "loss_cls": 0.9602822721004486, "loss_bbox": 3.664349927902222, "loss_obj": 4.783829350471496, "loss_kp1": 27.44096824645996, "loss_kp2": 25.85366798400879, "time": 0.9799564695358276, "epoch": 185, "iter": 2405, "memory": 678, "step": 2405}
