{"base_lr": 4e-06, "lr": 4e-06, "data_time": 2.470408036158635, "loss": 896.4425659179688, "loss_cls": 0.9504916782562549, "loss_bbox": 4.753560653099647, "loss_obj": 21.451464139498196, "loss_kp1": 433.3696993314303, "loss_kp2": 435.9173396183894, "time": 13.193847857988798, "epoch": 1, "iter": 13, "memory": 679, "step": 13}
