{"coco/bbox_mAP": 0.013, "coco/bbox_mAP_50": 0.045, "coco/bbox_mAP_75": 0.002, "coco/bbox_mAP_s": -1.0, "coco/bbox_mAP_m": 0.0, "coco/bbox_mAP_l": 0.013, "data_time": 2.1676464080810547, "time": 2.53887205857497}