{"base_lr": 7.100127882576763e-06, "lr": 7.100127882576763e-06, "data_time": 0.6534620714187622, "loss": 46.36660984039307, "loss_cls": 0.9658861863613128, "loss_bbox": 3.4581904125213625, "loss_obj": 4.491390032768249, "loss_kp1": 19.388554401397705, "loss_kp2": 18.06258870124817, "time": 0.8987094211578369, "epoch": 263, "iter": 3419, "memory": 677, "step": 3419}
