{"coco/bbox_mAP": 0.006, "coco/bbox_mAP_50": 0.023, "coco/bbox_mAP_75": 0.0, "coco/bbox_mAP_s": 0.3, "coco/bbox_mAP_m": -1.0, "coco/bbox_mAP_l": 0.0, "data_time": 2.8263420263926187, "time": 4.242547432581584}